Year,Institution,Faculty_Count,Infra_Score,NAAC_Grade,NAAC_Score,Uploaded_Docs,Required_Docs,Doc_Sufficiency_%,Compliance_Score,Quality_Index,Financial_Health_Score,Research_Productivity,Outcome_Indicator,Trust_Risk
2023,College_1,152,83,B,60,10,12,83.33,51.94,54,56,3.38,99.91,2.66
2023,College_2,485,59,A,85,9,12,75.0,82.04,71,39,4.12,90.1,1.81
2023,College_3,398,69,A,85,7,12,58.33,77.25,78,55,4.56,88.28,7.94
2023,College_4,320,50,A,85,10,12,83.33,64.57,52,48,3.28,91.14,1.61
2023,College_5,156,97,A,85,12,12,100.0,64.0,61,68,4.91,65.73,8.53
2023,College_6,121,94,A+,90,7,12,58.33,61.46,75,32,3.24,68.18,4.93
2023,College_7,238,67,A+,90,7,12,58.33,63.83,65,74,3.36,88.56,9.24
2023,College_8,70,64,A+,90,6,12,50.0,47.9,86,42,3.0,79.76,7.49
2023,College_9,152,78,B+,70,9,12,75.0,53.44,71,79,0.91,90.19,6.49
2023,College_10,171,72,B,60,10,12,83.33,50.34,78,57,3.77,64.12,9.54
2023,College_11,264,40,B+,70,5,12,41.67,52.06,63,87,2.96,81.46,4.57
2023,College_12,380,96,A,85,8,12,66.67,83.74,77,49,2.53,75.15,9.59
2023,College_13,137,66,B,60,11,12,91.67,45.5,54,57,4.6,78.28,2.22
2023,College_14,422,96,B,60,12,12,100.0,80.0,96,37,1.84,84.16,5.35
2023,College_15,149,91,B,60,5,12,41.67,54.07,98,70,2.86,80.09,3.43
2023,College_16,409,52,B,60,9,12,75.0,65.64,79,68,3.64,81.59,5.86
2023,College_17,201,80,A++,95,8,12,66.67,65.92,95,30,4.08,79.45,2.46
2023,College_18,180,42,B++,75,9,12,75.0,46.64,54,32,2.57,76.36,8.57
2023,College_19,199,78,A+,90,12,12,100.0,63.64,61,42,4.29,90.88,8.62
2023,College_20,358,45,A++,95,7,12,58.33,69.47,65,57,3.96,60.49,9.6
2023,College_21,307,47,A+,90,8,12,66.67,64.01,75,86,0.8,83.94,2.39
2023,College_22,393,66,C,50,7,12,58.33,65.4,75,89,0.71,82.62,6.61
2023,College_23,463,48,C,50,12,12,100.0,66.27,97,78,3.29,88.65,5.27
2023,College_24,343,76,B+,70,5,12,41.67,69.93,70,54,2.06,83.96,4.1
2023,College_25,435,72,B,60,12,12,100.0,73.96,88,85,1.44,93.07,4.16
2023,College_26,241,90,B+,70,5,12,41.67,65.0,85,62,3.11,98.36,4.72
2023,College_27,493,81,A++,95,8,12,66.67,92.35,82,67,2.04,73.7,7.34
2023,College_28,326,83,A+,90,8,12,66.67,76.51,79,82,2.92,69.09,6.38
2023,College_29,210,63,B++,75,10,12,83.33,55.63,86,35,2.57,76.94,5.14
2023,College_30,363,54,B+,70,9,12,75.0,65.12,72,87,3.13,71.52,1.68
2023,College_31,71,98,A+,90,10,12,83.33,58.19,59,73,2.3,84.6,1.7
2023,College_32,302,93,C,50,9,12,75.0,65.36,54,74,3.64,96.47,1.02
2023,College_33,285,71,A,85,10,12,83.33,67.74,85,61,1.31,65.56,9.71
2023,College_34,394,71,A++,95,7,12,58.33,80.49,83,74,3.63,64.03,1.05
2023,College_35,98,63,B+,70,8,12,66.67,44.11,80,76,2.35,70.24,1.93
2023,College_36,108,80,B,60,5,12,41.67,47.1,59,50,4.43,89.04,3.83
2023,College_37,219,91,B+,70,9,12,75.0,63.33,68,45,2.82,83.72,8.27
2023,College_38,237,88,A++,95,12,12,100.0,71.54,81,83,4.88,64.09,9.66
2023,College_39,320,88,C,50,9,12,75.0,65.47,50,50,3.21,96.75,8.11
2023,College_40,239,97,C,50,5,12,41.67,60.92,54,40,1.51,91.6,7.22
2023,College_41,495,91,A,85,10,12,83.33,92.53,94,89,4.2,60.92,5.69
2023,College_42,224,51,B+,70,9,12,75.0,51.78,53,66,2.05,86.05,1.78
2023,College_43,495,78,A++,95,11,12,91.67,91.63,65,65,2.06,90.85,9.62
2023,College_44,100,41,A+,90,7,12,58.33,43.68,73,64,0.64,74.98,7.83
2023,College_45,413,42,C,50,8,12,66.67,59.99,65,48,2.97,62.76,6.75
2023,College_46,104,88,A,85,5,12,41.67,56.64,51,49,2.9,63.09,7.83
2023,College_47,293,76,B+,70,8,12,66.67,65.46,98,86,2.1,64.17,7.52
2023,College_48,369,88,B++,75,11,12,91.67,77.36,77,47,4.52,93.62,6.74
2023,College_49,180,95,A++,95,9,12,75.0,68.54,81,76,1.08,96.43,9.83
2023,College_50,356,56,A++,95,9,12,75.0,72.59,76,70,1.99,64.91,9.13
2023,College_51,184,98,A,85,12,12,100.0,66.8,69,78,1.95,69.44,6.82
2023,College_52,70,88,B++,75,11,12,91.67,50.6,73,43,0.92,66.62,7.24
2023,College_53,378,41,C,50,5,12,41.67,56.56,61,44,2.67,67.45,1.46
2023,College_54,216,41,A++,95,12,12,100.0,55.57,99,60,3.6,93.5,7.03
2023,College_55,323,67,B++,75,7,12,58.33,66.94,84,30,2.8,73.29,1.4
2023,College_56,437,93,A+,90,12,12,100.0,89.44,82,82,1.21,72.46,6.29
2023,College_57,138,62,C,50,6,12,50.0,41.39,82,83,2.2,69.1,9.99
2023,College_58,365,76,A++,95,5,12,41.67,79.4,92,83,0.51,84.32,6.0
2023,College_59,63,71,B++,75,6,12,50.0,44.87,86,32,4.41,75.17,5.26
2023,College_60,291,72,C,50,11,12,91.67,58.08,61,45,0.88,89.77,3.82
2023,College_61,314,40,B+,70,10,12,83.33,56.53,52,52,3.19,68.22,2.08
2023,College_62,395,58,A,85,6,12,50.0,73.68,50,86,4.94,91.51,7.58
2023,College_63,102,41,B+,70,7,12,58.33,37.86,82,40,2.91,84.15,2.73
2023,College_64,435,92,B+,70,12,12,100.0,82.96,89,41,4.66,64.57,2.04
2023,College_65,389,83,A+,90,10,12,83.33,82.15,59,39,1.56,76.58,4.8
2023,College_66,141,65,A+,90,12,12,100.0,54.55,92,61,3.92,94.54,8.16
2023,College_67,416,71,B++,75,6,12,50.0,76.46,93,45,2.89,96.92,7.71
2023,College_68,493,45,B+,70,12,12,100.0,74.05,78,37,3.74,78.63,1.49
2023,College_69,477,71,C,50,11,12,91.67,74.42,62,67,0.78,79.23,5.1
2023,College_70,313,94,C,50,10,12,83.33,66.65,61,41,1.16,96.74,5.7
2023,College_71,480,43,B,60,11,12,91.67,69.29,80,53,1.1,83.48,6.8
2023,College_72,84,94,B+,70,6,12,50.0,52.15,95,57,3.59,61.31,6.85
2023,College_73,255,50,A++,95,11,12,91.67,61.76,51,82,4.3,96.51,4.28
2023,College_74,130,95,A+,90,7,12,58.33,62.57,99,37,3.87,69.93,6.05
2023,College_75,469,98,C,50,6,12,50.0,81.8,84,87,0.64,83.11,5.33
2023,College_76,99,56,C,50,6,12,50.0,36.1,72,57,4.4,66.62,8.96
2023,College_77,409,77,A++,95,6,12,50.0,83.64,66,65,2.09,61.36,5.77
2023,College_78,437,63,A++,95,5,12,41.67,81.94,75,55,2.29,72.46,4.97
2023,College_79,51,44,A+,90,12,12,100.0,40.2,57,37,0.97,91.22,4.64
2023,College_80,439,91,A+,90,5,12,41.67,89.02,78,87,3.82,71.1,6.15
2023,College_81,103,73,A+,90,5,12,41.67,53.55,75,89,1.32,68.8,8.24
2023,College_82,155,45,B+,70,7,12,58.33,43.81,59,79,3.04,68.51,5.85
2023,College_83,309,61,A+,90,10,12,83.33,68.39,75,57,4.28,80.61,6.95
2023,College_84,359,50,A++,95,12,12,100.0,71.06,83,57,0.9,99.02,7.64
2023,College_85,240,87,A+,90,11,12,91.67,70.01,90,66,2.91,78.36,5.68
2023,College_86,451,55,A+,90,9,12,75.0,79.29,56,70,1.55,82.29,4.84
2023,College_87,267,72,C,50,6,12,50.0,55.93,53,65,2.04,94.43,8.89
2023,College_88,93,48,A+,90,11,12,91.67,45.16,99,56,2.63,81.4,4.76
2023,College_89,211,99,A++,95,6,12,50.0,72.52,94,83,2.1,67.38,5.16
2023,College_90,251,98,B+,70,7,12,58.33,68.3,60,46,3.42,71.98,9.91
2023,College_91,495,45,A+,90,6,12,50.0,80.23,78,38,2.66,72.4,1.0
2023,College_92,319,55,A,85,5,12,41.67,65.98,85,62,3.13,75.89,2.67
2023,College_93,400,68,A,85,12,12,100.0,77.13,74,82,3.82,77.07,4.46
2023,College_94,353,42,A++,95,9,12,75.0,68.12,70,49,3.01,91.99,9.39
2023,College_95,320,59,C,50,8,12,66.67,56.77,85,42,3.14,73.98,1.63
2023,College_96,264,99,B++,75,6,12,50.0,71.26,59,57,3.04,78.73,1.09
2023,College_97,301,98,A,85,11,12,91.67,77.27,86,77,2.2,85.0,1.47
2023,College_98,239,75,B++,75,5,12,41.67,61.82,58,58,2.02,75.11,1.8
2023,College_99,345,58,B++,75,8,12,66.67,66.21,73,42,4.55,93.46,1.34
2023,College_100,262,65,A+,90,9,12,75.0,65.38,84,75,3.23,83.5,5.32
2023,College_101,257,42,A++,95,8,12,66.67,59.53,98,64,1.6,71.76,6.23
2023,College_102,286,58,A,85,5,12,41.67,63.93,84,35,2.74,88.56,3.45
2023,College_103,387,59,A++,95,12,12,100.0,76.27,97,47,1.99,81.11,4.58
2023,College_104,416,71,A++,95,12,12,100.0,82.46,85,80,4.7,81.38,1.83
2023,College_105,102,46,A,85,10,12,83.33,43.86,67,34,0.53,79.24,4.03
2023,College_106,329,91,A++,95,12,12,100.0,80.68,98,76,1.51,79.88,5.7
2023,College_107,459,80,B++,75,10,12,83.33,83.01,88,54,2.14,90.61,7.59
2023,College_108,266,72,B,60,8,12,66.67,58.84,81,31,2.7,64.12,1.03
2023,College_109,301,79,B+,70,7,12,58.33,67.07,73,39,4.33,73.37,5.21
2023,College_110,237,78,B+,70,11,12,91.67,61.04,72,85,0.9,63.02,3.67
2023,College_111,429,57,A,85,11,12,91.67,76.43,81,59,4.13,90.13,8.68
2023,College_112,90,79,A,85,8,12,66.67,52.69,86,79,0.75,70.89,7.44
2023,College_113,206,40,A,85,6,12,50.0,51.37,61,88,4.29,95.9,6.3
2023,College_114,64,50,B,60,6,12,50.0,34.16,98,74,0.73,81.06,3.5
2023,College_115,350,67,B,60,12,12,100.0,64.86,62,34,0.58,92.03,9.19
2023,College_116,114,96,A++,95,11,12,91.67,62.94,72,84,3.64,99.16,1.41
2023,College_117,394,64,A+,90,11,12,91.67,76.89,74,85,4.99,93.59,1.99
2023,College_118,376,89,B++,75,10,12,83.33,78.28,84,62,4.53,94.68,4.52
2023,College_119,58,62,A,85,7,12,58.33,44.73,90,83,3.09,76.32,2.12
2023,College_120,393,70,A+,90,5,12,41.67,78.6,79,30,4.63,82.07,9.61
2023,College_121,178,69,B,60,6,12,50.0,50.06,66,47,0.52,70.16,8.18
2023,College_122,185,81,B,60,11,12,91.67,54.29,98,61,4.89,67.84,3.33
2023,College_123,112,74,C,50,10,12,83.33,42.66,69,76,2.71,80.22,6.3
2023,College_124,188,46,B+,70,9,12,75.0,47.06,97,78,3.75,83.8,9.84
2023,College_125,130,99,B,60,10,12,83.33,54.77,74,40,4.19,73.57,8.96
2023,College_126,441,55,A++,95,6,12,50.0,79.9,71,50,3.73,82.78,6.41
2023,College_127,212,65,A++,95,6,12,50.0,62.41,62,55,2.91,95.5,9.13
2023,College_128,468,87,B,60,10,12,83.33,81.42,68,54,2.64,82.27,9.9
2023,College_129,338,96,A++,95,5,12,41.67,82.98,98,51,4.27,88.83,7.69
2023,College_130,428,91,A+,90,8,12,66.67,88.04,85,88,1.42,92.21,1.58
2023,College_131,310,99,C,50,6,12,50.0,67.88,61,56,4.86,99.55,4.61
2023,College_132,280,88,A,85,10,12,83.33,72.39,90,78,3.7,84.13,8.54
2023,College_133,90,41,B,60,11,12,91.67,33.79,68,42,1.4,92.27,3.08
2023,College_134,77,40,A,85,10,12,83.33,39.83,61,62,3.81,98.51,8.48
2023,College_135,184,87,A,85,7,12,58.33,63.5,58,63,2.88,97.78,2.08
2023,College_136,250,51,A+,90,8,12,66.67,60.11,56,70,3.68,65.64,1.42
2023,College_137,377,44,C,50,9,12,75.0,57.37,77,64,3.96,76.26,4.46
2023,College_138,317,76,B+,70,5,12,41.67,67.6,63,30,0.89,72.96,1.33
2023,College_139,467,71,A,85,12,12,100.0,84.03,80,50,2.78,63.48,9.62
2023,College_140,82,98,C,50,9,12,75.0,47.17,68,77,4.69,85.33,8.44
2023,College_141,97,94,B++,75,8,12,66.67,54.82,96,84,1.94,89.44,8.21
2023,College_142,456,48,A,85,8,12,66.67,76.14,65,35,3.17,93.93,6.67
2023,College_143,111,80,B++,75,8,12,66.67,51.87,54,57,2.16,64.91,2.95
2023,College_144,265,74,A+,90,9,12,75.0,68.35,84,46,2.54,95.06,5.66
2023,College_145,342,58,B+,70,11,12,91.67,64.44,61,34,2.97,85.72,6.38
2023,College_146,148,87,C,50,8,12,66.67,49.78,74,60,2.97,88.16,5.73
2023,College_147,221,55,A++,95,10,12,83.33,60.21,70,34,1.41,96.42,3.34
2023,College_148,409,42,A,85,9,12,75.0,70.14,85,67,3.58,84.99,5.64
2023,College_149,263,59,B+,70,12,12,100.0,57.67,72,32,0.9,73.43,5.42
2023,College_150,84,63,A++,95,8,12,66.67,50.35,65,82,1.12,93.0,9.97
2023,College_151,498,93,B+,70,10,12,83.33,88.9,88,52,0.51,74.52,9.08
2023,College_152,276,95,B,60,11,12,91.67,66.63,94,66,1.03,61.37,5.17
2023,College_153,150,72,A,85,7,12,58.33,55.96,91,82,2.63,93.23,6.61
2023,College_154,480,63,B,60,11,12,91.67,75.29,88,66,3.23,73.81,7.73
2023,College_155,180,91,A++,95,12,12,100.0,67.34,63,39,4.07,90.95,1.31
2023,College_156,306,50,B+,70,8,12,66.67,58.82,80,39,0.98,74.51,9.05
2023,College_157,54,88,B,60,12,12,100.0,44.67,54,48,4.33,94.44,8.74
2023,College_158,267,47,C,50,9,12,75.0,48.43,84,46,3.86,68.78,5.12
2023,College_159,304,75,B,60,6,12,50.0,63.14,72,50,2.34,98.98,4.52
2023,College_160,447,77,B++,75,8,12,66.67,81.04,78,43,4.7,91.19,3.46
2023,College_161,408,79,B+,70,6,12,50.0,76.65,92,38,4.96,64.57,5.29
2023,College_162,332,59,C,50,10,12,83.33,57.85,60,75,1.42,82.63,1.4
2023,College_163,442,74,B++,75,7,12,58.33,79.69,67,30,2.21,99.41,8.67
2023,College_164,256,87,A+,90,5,12,41.67,71.44,96,80,4.67,78.84,1.32
2023,College_165,64,64,B++,75,12,12,100.0,42.86,61,74,3.75,67.28,3.96
2023,College_166,395,74,B++,75,11,12,91.67,75.48,58,42,0.72,79.39,9.38
2023,College_167,91,64,B+,70,7,12,58.33,43.78,59,33,4.02,80.5,7.62
2023,College_168,429,68,A++,95,8,12,66.67,82.73,93,30,4.23,89.67,3.53
2023,College_169,228,57,B+,70,6,12,50.0,53.94,66,78,3.88,87.95,3.27
2023,College_170,112,85,A+,90,11,12,91.67,57.96,87,69,4.1,76.1,1.05
2023,College_171,401,57,B,60,6,12,50.0,66.42,56,61,4.21,68.72,7.26
2023,College_172,280,41,A,85,9,12,75.0,58.29,95,63,1.34,85.8,1.44
2023,College_173,290,93,A,85,6,12,50.0,74.79,62,57,1.56,76.87,5.79
2023,College_174,101,74,A+,90,9,12,75.0,53.67,89,60,3.35,65.29,9.66
2023,College_175,145,55,B++,75,10,12,83.33,47.41,91,37,4.59,96.02,1.99
2023,College_176,437,80,A+,90,11,12,91.67,85.54,58,68,1.92,87.65,9.05
2023,College_177,271,75,C,50,11,12,91.67,57.19,99,55,3.15,87.33,9.92
2023,College_178,456,72,A++,95,5,12,41.67,86.34,76,87,3.57,92.9,1.55
2023,College_179,280,43,A+,90,8,12,66.67,60.39,51,63,2.53,81.19,8.95
2023,College_180,286,72,A,85,9,12,75.0,68.13,54,83,3.71,92.6,5.64
2023,College_181,192,53,A++,95,5,12,41.67,57.02,78,83,4.55,79.92,9.16
2023,College_182,220,60,C,50,6,12,50.0,48.12,86,32,3.31,62.69,6.14
2023,College_183,78,87,A+,90,6,12,50.0,55.52,87,88,2.93,76.21,6.96
2023,College_184,85,59,C,50,5,12,41.67,35.74,68,79,2.47,79.9,5.89
2023,College_185,62,95,A,85,11,12,91.67,54.98,57,41,3.1,88.81,8.78
2023,College_186,209,47,B++,75,6,12,50.0,50.74,97,30,2.1,64.26,7.61
2023,College_187,376,46,C,50,12,12,100.0,57.88,94,83,2.26,65.6,5.69
2023,College_188,236,42,C,50,10,12,83.33,44.15,50,73,2.89,70.55,8.81
2023,College_189,292,56,A,85,10,12,83.33,63.87,71,34,0.8,70.66,3.21
2023,College_190,135,72,A+,90,12,12,100.0,56.12,66,59,1.53,89.29,2.42
2023,College_191,333,87,B+,70,5,12,41.67,72.33,56,59,2.94,70.03,2.44
2023,College_192,115,51,B+,70,12,12,100.0,42.03,74,88,2.44,85.32,4.01
2023,College_193,219,98,A+,90,9,12,75.0,71.43,94,86,2.0,79.77,3.15
2023,College_194,94,90,A,85,9,12,75.0,56.35,53,46,3.79,82.93,9.37
2023,College_195,111,61,A++,95,5,12,41.67,52.17,85,77,3.62,93.52,1.95
2023,College_196,490,94,B++,75,12,12,100.0,89.98,55,76,1.25,76.18,7.29
2023,College_197,183,61,B+,70,9,12,75.0,51.11,80,52,4.45,90.84,2.7
2023,College_198,333,85,B+,70,11,12,91.67,71.73,68,44,2.73,76.88,8.93
2023,College_199,77,69,A++,95,12,12,100.0,51.53,93,66,3.84,74.15,9.65
2023,College_200,157,77,A,85,11,12,91.67,58.09,88,50,3.08,98.35,5.19
2024,College_1,80,80,B++,75,8,12,66.67,48.92,56,65,4.44,93.31,6.02
2024,College_2,72,56,B+,70,6,12,50.0,39.5,74,32,1.75,60.44,2.49
2024,College_3,475,51,B,60,7,12,58.33,71.15,70,38,4.33,89.98,6.52
2024,College_4,443,96,C,50,9,12,75.0,78.78,64,37,0.5,90.35,4.27
2024,College_5,209,85,B++,75,9,12,75.0,61.99,50,62,0.58,87.14,9.07
2024,College_6,412,71,B,60,11,12,91.67,71.5,61,88,3.21,90.25,2.52
2024,College_7,486,54,A+,90,5,12,41.67,82.03,56,35,2.14,93.68,5.56
2024,College_8,207,55,A,85,12,12,100.0,55.81,64,70,2.24,78.81,6.38
2024,College_9,88,93,A++,95,8,12,66.67,59.54,70,68,3.04,80.08,1.3
2024,College_10,464,61,B,60,12,12,100.0,73.16,68,33,1.36,64.99,4.27
2024,College_11,131,67,C,50,8,12,66.67,42.1,78,42,1.45,75.42,7.59
2024,College_12,405,59,B++,75,9,12,75.0,71.77,74,78,2.68,85.73,8.38
2024,College_13,307,72,A,85,11,12,91.67,69.88,82,89,3.89,91.22,3.82
2024,College_14,255,49,A++,95,11,12,91.67,61.32,98,31,3.29,68.69,8.19
2024,College_15,126,79,A,85,11,12,91.67,55.75,81,89,1.84,65.51,9.71
2024,College_16,61,71,C,50,7,12,58.33,37.02,98,34,2.44,86.52,8.71
2024,College_17,344,89,B+,70,6,12,50.0,73.8,84,73,1.27,60.08,2.06
2024,College_18,499,99,A+,90,7,12,58.33,96.7,93,56,0.84,67.13,7.66
2024,College_19,273,72,B,60,10,12,83.33,59.33,87,61,4.02,61.16,3.88
2024,College_20,62,41,A,85,10,12,83.33,38.61,75,50,1.69,66.68,9.9
2024,College_21,95,72,B++,75,12,12,100.0,47.87,60,37,1.3,67.25,5.37
2024,College_22,204,72,B,60,6,12,50.0,53.14,84,67,3.61,75.51,2.1
2024,College_23,162,80,B++,75,9,12,75.0,56.28,57,37,3.28,76.09,7.53
2024,College_24,282,52,A++,95,6,12,50.0,64.64,95,79,3.35,94.97,3.91
2024,College_25,66,69,C,50,8,12,66.67,36.87,63,32,1.53,80.4,9.97
2024,College_26,409,72,A,85,10,12,83.33,79.03,59,83,1.55,88.94,9.82
2024,College_27,272,52,B,60,5,12,41.67,53.24,51,73,1.49,64.17,6.91
2024,College_28,403,91,B+,70,5,12,41.67,79.69,95,87,1.28,69.02,2.17
2024,College_29,237,65,A,85,9,12,75.0,61.5,58,32,3.45,88.12,7.18
2024,College_30,497,61,A,85,8,12,66.67,83.62,52,51,4.32,62.11,1.84
2024,College_31,393,78,B++,75,12,12,100.0,76.39,70,35,3.76,79.46,1.26
2024,College_32,414,41,B,60,7,12,58.33,62.68,75,31,4.06,83.97,8.41
2024,College_33,212,77,B++,75,8,12,66.67,59.86,57,52,2.32,84.09,2.89
2024,College_34,375,78,A++,95,5,12,41.67,80.78,97,73,3.44,60.92,4.41
2024,College_35,463,65,B+,70,5,12,41.67,77.27,51,31,2.09,72.88,9.76
2024,College_36,123,85,A+,90,12,12,100.0,58.78,55,67,2.86,85.46,4.03
2024,College_37,282,97,C,50,10,12,83.33,64.64,77,46,2.67,65.96,3.67
2024,College_38,273,89,A,85,8,12,66.67,71.93,78,64,1.3,87.82,9.26
2024,College_39,368,54,A,85,8,12,66.67,69.95,75,63,2.24,89.84,2.0
2024,College_40,461,73,B++,75,5,12,41.67,80.99,74,52,4.84,99.28,7.84
2024,College_41,109,81,A+,90,7,12,58.33,56.32,61,59,1.62,68.39,9.89
2024,College_42,384,94,B++,75,9,12,75.0,80.39,54,81,1.1,93.01,9.11
2024,College_43,271,83,A+,90,11,12,91.67,71.45,83,37,2.38,80.81,6.87
2024,College_44,86,88,A++,95,9,12,75.0,57.86,97,51,4.06,74.94,3.83
2024,College_45,327,79,A+,90,8,12,66.67,75.27,86,73,3.12,64.9,3.29
2024,College_46,245,50,C,50,9,12,75.0,47.22,64,87,3.56,89.42,8.37
2024,College_47,453,42,B+,70,5,12,41.67,69.47,93,65,1.35,69.43,8.92
2024,College_48,401,98,C,50,5,12,41.67,75.61,85,34,3.29,74.86,5.73
2024,College_49,291,45,B,60,12,12,100.0,52.85,64,42,1.96,62.5,3.2
2024,College_50,373,48,C,50,8,12,66.67,58.1,92,58,4.25,92.05,2.02
2024,College_51,268,45,B,60,12,12,100.0,50.78,97,60,3.33,90.66,1.78
2024,College_52,241,48,B,60,8,12,66.67,49.26,72,76,1.39,89.34,7.47
2024,College_53,66,78,B+,70,11,12,91.67,45.57,55,86,0.79,71.98,4.78
2024,College_54,61,70,C,50,11,12,91.67,36.72,95,84,0.69,66.94,9.15
2024,College_55,455,71,C,50,10,12,83.33,72.35,99,45,2.17,85.5,7.66
2024,College_56,450,80,B,60,8,12,66.67,77.61,93,71,1.7,79.85,2.72
2024,College_57,443,89,A,85,7,12,58.33,87.18,92,59,3.41,67.13,6.52
2024,College_58,423,51,B+,70,9,12,75.0,69.48,94,86,2.75,87.44,4.92
2024,College_59,242,47,B+,70,8,12,66.67,52.05,70,84,1.7,99.65,6.2
2024,College_60,71,47,B+,70,6,12,50.0,36.71,72,45,1.17,89.89,7.64
2024,College_61,169,89,B+,70,10,12,83.33,58.1,92,41,1.07,89.6,8.26
2024,College_62,259,67,A++,95,6,12,50.0,67.08,65,46,4.39,98.01,8.59
2024,College_63,355,59,B,60,5,12,41.67,62.79,96,45,1.6,68.12,3.29
2024,College_64,319,86,A+,90,11,12,91.67,76.66,64,41,3.43,82.62,1.28
2024,College_65,241,98,B++,75,9,12,75.0,68.76,74,37,4.15,99.19,7.65
2024,College_66,224,46,C,50,8,12,66.67,44.14,85,49,3.26,66.61,1.96
2024,College_67,334,50,A++,95,6,12,50.0,68.7,60,32,4.37,88.01,3.83
2024,College_68,253,59,B++,75,9,12,75.0,58.14,64,45,2.27,83.43,1.03
2024,College_69,213,55,B,60,5,12,41.67,48.85,53,59,4.8,83.46,7.14
2024,College_70,300,43,A,85,11,12,91.67,60.55,70,74,1.1,87.91,2.5
2024,College_71,276,45,B,60,7,12,58.33,51.5,62,52,0.96,97.18,6.9
2024,College_72,485,97,B+,70,10,12,83.33,88.84,71,57,3.46,91.3,9.93
2024,College_73,430,61,C,50,9,12,75.0,67.11,68,80,4.74,62.25,1.65
2024,College_74,56,65,B+,70,9,12,75.0,40.77,83,69,4.14,94.11,1.69
2024,College_75,78,42,B,60,7,12,58.33,32.84,63,83,0.84,69.02,4.06
2024,College_76,444,80,B++,75,9,12,75.0,81.57,53,34,1.76,75.08,8.8
2024,College_77,82,99,A++,95,5,12,41.67,60.8,97,49,4.69,78.47,2.94
2024,College_78,183,81,A+,90,5,12,41.67,62.96,95,69,1.64,79.24,4.24
2024,College_79,416,53,B,60,7,12,58.33,66.46,76,85,4.02,77.41,1.62
2024,College_80,128,50,A,85,10,12,83.33,47.23,78,73,4.21,97.49,7.87
2024,College_81,465,57,A+,90,8,12,66.67,81.05,96,30,2.73,88.24,4.67
2024,College_82,484,93,B+,70,6,12,50.0,87.55,77,86,2.24,85.25,7.83
2024,College_83,107,51,B,60,8,12,66.67,38.14,84,59,2.53,61.99,9.13
2024,College_84,75,62,A+,90,9,12,75.0,47.57,57,50,1.52,96.16,3.09
2024,College_85,479,51,C,50,6,12,50.0,68.51,65,49,4.5,96.38,8.27
2024,College_86,275,52,B,60,12,12,100.0,53.51,91,35,2.53,91.21,1.53
2024,College_87,334,64,C,50,7,12,58.33,59.4,85,51,4.47,60.28,9.09
2024,College_88,53,84,A++,95,7,12,58.33,53.7,79,47,0.98,62.29,6.86
2024,College_89,148,90,B,60,10,12,83.33,53.52,67,37,4.95,69.01,8.87
2024,College_90,446,97,A+,90,6,12,50.0,91.35,51,68,2.49,65.25,1.0
2024,College_91,88,58,B++,75,5,12,41.67,43.04,98,61,0.72,75.95,2.52
2024,College_92,320,94,B+,70,6,12,50.0,73.15,62,62,0.67,96.9,4.51
2024,College_93,424,85,B++,75,9,12,75.0,81.27,53,82,3.86,78.88,4.42
2024,College_94,334,75,A,85,5,12,41.67,73.2,75,45,3.47,60.54,3.04
2024,College_95,206,84,A+,90,11,12,91.67,65.92,74,41,4.11,71.31,4.43
2024,College_96,124,47,A++,95,11,12,91.67,48.97,79,67,0.97,61.78,2.16
2024,College_97,421,68,A+,90,12,12,100.0,80.4,60,81,0.66,61.45,4.71
2024,College_98,337,94,B++,75,11,12,91.67,76.17,56,63,2.79,71.03,8.22
2024,College_99,179,92,A++,95,7,12,58.33,67.4,80,43,2.24,71.02,5.31
2024,College_100,224,94,B++,75,6,12,50.0,66.04,93,65,2.58,91.49,1.16
2024,College_101,133,71,B,60,11,12,91.67,46.47,59,62,4.96,98.99,4.79
2024,College_102,71,90,C,50,8,12,66.67,43.61,88,52,4.87,74.85,1.24
2024,College_103,76,83,B+,70,10,12,83.33,47.96,62,79,4.74,77.16,9.7
2024,College_104,244,57,A++,95,8,12,66.67,62.73,80,74,4.03,93.79,2.15
2024,College_105,386,45,B++,75,11,12,91.67,65.87,56,31,2.1,70.73,7.37
2024,College_106,431,57,A,85,12,12,100.0,76.5,98,70,2.35,66.26,9.75
2024,College_107,285,58,A+,90,10,12,83.33,65.21,91,50,2.97,94.12,8.43
2024,College_108,489,61,B+,70,9,12,75.0,78.4,91,31,4.24,61.86,7.29
2024,College_109,141,76,B,60,8,12,66.67,48.69,85,56,0.81,84.79,8.56
2024,College_110,70,71,C,50,12,12,100.0,37.82,69,86,2.41,82.48,9.84
2024,College_111,352,95,B+,70,6,12,50.0,76.32,53,38,0.87,73.84,6.59
2024,College_112,406,80,A+,90,6,12,50.0,82.66,56,30,2.82,72.61,6.03
2024,College_113,492,98,A+,90,8,12,66.67,95.77,50,40,4.55,90.87,6.65
2024,College_114,133,42,B++,75,11,12,91.67,42.27,93,32,4.02,63.46,5.79
2024,College_115,311,67,C,50,12,12,100.0,58.24,94,81,1.53,69.47,6.72
2024,College_116,196,49,B+,70,6,12,50.0,48.53,91,52,4.89,89.3,5.05
2024,College_117,490,90,C,50,9,12,75.0,81.19,96,55,3.5,81.93,2.97
2024,College_118,436,74,A++,95,5,12,41.67,85.05,62,33,0.55,65.12,2.08
2024,College_119,306,68,B+,70,11,12,91.67,64.09,71,47,1.65,95.29,1.62
2024,College_120,107,93,C,50,12,12,100.0,47.74,70,84,1.67,75.74,3.37
2024,College_121,429,54,B++,75,9,12,75.0,72.42,71,35,0.81,93.11,1.42
2024,College_122,471,72,B+,70,12,12,100.0,80.09,77,64,4.82,91.51,6.1
2024,College_123,64,46,B++,75,10,12,83.33,37.29,58,51,2.65,84.98,3.55
2024,College_124,211,51,B+,70,9,12,75.0,50.47,75,72,4.53,79.78,8.42
2024,College_125,494,88,C,50,11,12,91.67,80.95,58,44,1.95,99.18,1.67
2024,College_126,212,69,A++,95,10,12,83.33,63.46,64,51,1.06,65.8,3.04
2024,College_127,369,60,A,85,11,12,91.67,71.84,59,89,2.63,89.01,7.57
2024,College_128,330,70,B+,70,6,12,50.0,66.84,73,66,1.01,67.65,6.39
2024,College_129,329,97,A+,90,5,12,41.67,80.85,91,81,2.69,73.53,1.58
2024,College_130,61,63,C,50,11,12,91.67,34.62,57,71,4.64,72.35,8.9
2024,College_131,323,59,B++,75,11,12,91.67,64.42,73,41,2.84,97.88,8.9
2024,College_132,320,76,A++,95,6,12,50.0,75.25,65,76,3.27,98.69,3.97
2024,College_133,257,43,B,60,7,12,58.33,49.2,98,78,1.2,67.32,4.06
2024,College_134,76,67,B,60,6,12,50.0,40.16,75,71,0.7,60.88,9.9
2024,College_135,121,83,A+,90,10,12,83.33,58.0,76,67,1.0,88.8,6.64
2024,College_136,109,59,A++,95,6,12,50.0,51.22,86,47,3.19,76.72,5.78
2024,College_137,479,99,A+,90,6,12,50.0,94.91,53,74,0.93,63.55,8.54
2024,College_138,194,63,A,85,5,12,41.67,57.05,99,64,2.19,87.35,3.57
2024,College_139,142,89,C,50,6,12,50.0,49.68,73,59,2.98,81.8,4.86
2024,College_140,358,88,A+,90,12,12,100.0,80.75,68,53,2.25,99.22,3.41
2024,College_141,57,90,B++,75,11,12,91.67,49.86,85,71,1.24,69.1,8.1
2024,College_142,128,71,A,85,12,12,100.0,53.53,88,59,1.73,76.16,6.16
2024,College_143,76,80,B+,70,5,12,41.67,47.06,59,43,4.68,81.7,6.93
2024,College_144,223,75,A++,95,8,12,66.67,66.25,74,35,3.54,91.67,3.27
2024,College_145,99,97,C,50,7,12,58.33,48.23,67,32,2.73,81.95,2.98
2024,College_146,248,92,A,85,12,12,100.0,70.59,68,45,0.56,84.52,5.4
2024,College_147,436,73,A++,95,5,12,41.67,84.75,85,36,4.97,69.05,7.64
2024,College_148,398,75,A+,90,10,12,83.33,80.44,59,81,3.52,93.88,5.73
2024,College_149,497,41,B,60,8,12,66.67,70.12,82,43,1.93,77.15,1.29
2024,College_150,477,54,B+,70,5,12,41.67,75.23,99,38,4.46,65.64,8.82
2024,College_151,230,73,B++,75,5,12,41.67,60.27,54,44,1.66,86.57,1.58
2024,College_152,73,75,A,85,7,12,58.33,49.79,96,50,2.95,68.64,9.6
2024,College_153,365,45,A,85,11,12,91.67,66.98,98,64,3.36,63.9,1.23
2024,College_154,427,78,B++,75,12,12,100.0,79.44,84,31,1.49,94.48,7.25
2024,College_155,436,81,B++,75,10,12,83.33,81.15,93,56,4.9,78.41,1.74
2024,College_156,453,90,B,60,9,12,75.0,80.87,83,31,3.87,89.97,9.2
2024,College_157,95,90,B+,70,12,12,100.0,51.77,82,64,3.01,71.62,5.18
2024,College_158,64,97,C,50,9,12,75.0,45.09,70,47,1.31,91.48,2.24
2024,College_159,202,93,C,50,5,12,41.67,56.26,66,43,0.74,64.48,4.07
2024,College_160,271,51,B++,75,6,12,50.0,57.35,71,49,1.94,74.24,2.48
2024,College_161,255,42,B,60,10,12,83.33,48.72,97,47,3.89,99.12,2.54
2024,College_162,322,84,A,85,8,12,66.67,74.83,86,39,1.71,91.76,9.53
2024,College_163,431,57,B,60,6,12,50.0,69.0,64,54,2.93,79.89,5.01
2024,College_164,285,79,C,50,6,12,50.0,59.51,84,31,3.78,73.59,8.1
2024,College_165,389,60,B+,70,12,12,100.0,69.13,77,54,0.99,94.89,6.76
2024,College_166,277,54,A,85,10,12,83.33,61.79,56,83,3.58,81.79,7.09
2024,College_167,58,72,A,85,11,12,91.67,47.55,81,62,0.91,90.34,2.19
2024,College_168,215,74,C,50,5,12,41.67,51.73,60,65,4.84,90.16,3.11
2024,College_169,481,65,A++,95,5,12,41.67,86.39,59,60,2.7,60.72,8.08
2024,College_170,493,47,B+,70,5,12,41.67,74.56,58,43,1.18,65.05,9.74
2024,College_171,368,75,A,85,5,12,41.67,76.25,63,30,2.04,86.39,3.36
2024,College_172,263,87,A++,95,12,12,100.0,73.43,62,75,2.36,66.46,3.44
2024,College_173,166,69,C,50,9,12,75.0,45.83,74,45,3.91,70.22,5.26
2024,College_174,435,62,B++,75,5,12,41.67,75.36,51,83,3.85,97.87,9.85
2024,College_175,393,81,B+,70,9,12,75.0,75.79,84,75,3.25,82.41,3.42
2024,College_176,121,83,A++,95,9,12,75.0,59.5,56,81,0.98,90.03,4.66
2024,College_177,444,53,B+,70,11,12,91.67,71.97,70,32,1.18,82.32,9.02
2024,College_178,113,53,C,50,5,12,41.67,36.28,67,64,0.92,82.1,1.03
2024,College_179,254,41,A,85,7,12,58.33,55.83,52,70,3.1,63.77,1.36
2024,College_180,258,94,B,60,8,12,66.67,64.59,91,35,4.45,73.75,6.44
2024,College_181,121,76,B+,70,6,12,50.0,49.9,88,54,2.45,71.3,9.17
2024,College_182,326,44,B,60,9,12,75.0,55.68,90,42,1.22,75.63,3.15
2024,College_183,323,77,A+,90,10,12,83.33,74.32,98,82,3.01,91.93,5.23
2024,College_184,369,84,A++,95,10,12,83.33,82.04,60,63,4.15,74.88,5.05
2024,College_185,387,80,A+,90,8,12,66.67,80.96,88,37,3.84,78.07,5.26
2024,College_186,415,93,A++,95,10,12,83.33,88.87,73,50,4.47,75.9,6.6
2024,College_187,144,99,B++,75,7,12,58.33,60.36,95,63,1.75,63.74,5.23
2024,College_188,215,86,A++,95,10,12,83.33,68.83,68,33,1.37,77.64,5.03
2024,College_189,81,53,A,85,6,12,50.0,43.91,53,54,4.46,67.82,5.27
2024,College_190,60,95,C,50,6,12,50.0,44.13,75,44,3.46,67.47,6.32
2024,College_191,350,78,C,50,9,12,75.0,65.04,87,33,1.9,63.76,5.83
2024,College_192,266,64,B++,75,5,12,41.67,60.8,91,74,3.84,74.27,8.69
2024,College_193,338,59,B+,70,11,12,91.67,64.26,81,89,4.17,90.3,1.45
2024,College_194,151,41,B++,75,7,12,58.33,43.59,88,41,3.27,71.06,8.5
2024,College_195,474,78,C,50,9,12,75.0,76.16,94,61,3.6,72.49,8.6
2024,College_196,441,45,A,85,7,12,58.33,73.8,95,61,2.19,85.71,3.56
2024,College_197,316,56,C,50,5,12,41.67,55.39,85,57,2.92,67.83,5.17
2024,College_198,263,98,C,50,12,12,100.0,63.23,89,42,2.86,95.88,4.95
2024,College_199,228,64,B+,70,10,12,83.33,55.9,86,60,4.32,80.81,2.97
2024,College_200,137,96,B,60,10,12,83.33,54.33,82,43,4.28,77.9,4.57
